warehouse_record_name,warehouse_name,company,company_name,warehouse_type,disabled
Bebang Mega Inc. - Ayala Evo City - BMI-AEC,Bebang Mega Inc. - Ayala Evo City,Ayala Evo City - Bebang Mega Inc.,Ayala Evo City - Bebang Mega Inc.,,0
Finished Goods - BMI-AEC,Finished Goods,Ayala Evo City - Bebang Mega Inc.,Ayala Evo City - Bebang Mega Inc.,,0
Goods In Transit - BMI-AEC,Goods In Transit,Ayala Evo City - Bebang Mega Inc.,Ayala Evo City - Bebang Mega Inc.,Transit,0
Stores - BMI-AEC,Stores,Ayala Evo City - Bebang Mega Inc.,Ayala Evo City - Bebang Mega Inc.,,0
Work In Progress - BMI-AEC,Work In Progress,Ayala Evo City - Bebang Mega Inc.,Ayala Evo City - Bebang Mega Inc.,,0
Bebang Mega Inc. - Ayala Vermosa - BMI-AV,Bebang Mega Inc. - Ayala Vermosa,Ayala Vermosa - Bebang Mega Inc.,Ayala Vermosa - Bebang Mega Inc.,,0
Finished Goods - BMI-AV,Finished Goods,Ayala Vermosa - Bebang Mega Inc.,Ayala Vermosa - Bebang Mega Inc.,,0
Goods In Transit - BMI-AV,Goods In Transit,Ayala Vermosa - Bebang Mega Inc.,Ayala Vermosa - Bebang Mega Inc.,Transit,0
Stores - BMI-AV,Stores,Ayala Vermosa - Bebang Mega Inc.,Ayala Vermosa - Bebang Mega Inc.,,0
Work In Progress - BMI-AV,Work In Progress,Ayala Vermosa - Bebang Mega Inc.,Ayala Vermosa - Bebang Mega Inc.,,0
CTTM Tomas Morato - B CUBED VENTURES CORP.,CTTM Tomas Morato,B CUBED VENTURES CORP.,B CUBED VENTURES CORP.,,0
Finished Goods - BTM,Finished Goods,B CUBED VENTURES CORP.,B CUBED VENTURES CORP.,,0
Goods In Transit - BTM,Goods In Transit,B CUBED VENTURES CORP.,B CUBED VENTURES CORP.,Transit,0
Stores - BTM,Stores,B CUBED VENTURES CORP.,B CUBED VENTURES CORP.,,0
Work In Progress - BTM,Work In Progress,B CUBED VENTURES CORP.,B CUBED VENTURES CORP.,,0
Finished Goods - BBEFC,Finished Goods,BB ESTANCIA FOOD CORP.,BB ESTANCIA FOOD CORP.,,0
Goods In Transit - BBEFC,Goods In Transit,BB ESTANCIA FOOD CORP.,BB ESTANCIA FOOD CORP.,Transit,0
Ortigas Estancia - BB ESTANCIA FOOD CORP.,BB ESTANCIA FOOD CORP. - Ortigas Estancia - BBEFC,BB ESTANCIA FOOD CORP.,BB ESTANCIA FOOD CORP.,,0
Stores - BBEFC,Stores,BB ESTANCIA FOOD CORP.,BB ESTANCIA FOOD CORP.,,0
Work In Progress - BBEFC,Work In Progress,BB ESTANCIA FOOD CORP.,BB ESTANCIA FOOD CORP.,,0
BF Homes - BEBANG BF HOMES INC.,BF Homes,BEBANG BF HOMES INC.,BEBANG BF HOMES INC.,,0
Finished Goods - BBHI,Finished Goods,BEBANG BF HOMES INC.,BEBANG BF HOMES INC.,,0
Goods In Transit - BBHI,Goods In Transit,BEBANG BF HOMES INC.,BEBANG BF HOMES INC.,Transit,0
Stores - BBHI,Stores,BEBANG BF HOMES INC.,BEBANG BF HOMES INC.,,0
Work In Progress - BBHI,Work In Progress,BEBANG BF HOMES INC.,BEBANG BF HOMES INC.,,0
Stores - BEI,Stores,Bebang Enterprise Inc.,Bebang Enterprise Inc.,,0
TEST-COMMISSARY - BEI,TEST-COMMISSARY,Bebang Enterprise Inc.,Bebang Enterprise Inc.,,0
TEST-STORE-BGC - BEI,TEST-STORE-BGC,Bebang Enterprise Inc.,Bebang Enterprise Inc.,,0
Festival Mall Alabang - BEBANG FESTIVAL INC.,Festival Mall Alabang,BEBANG FESTIVAL INC.,BEBANG FESTIVAL INC.,,0
Finished Goods - BFI,Finished Goods,BEBANG FESTIVAL INC.,BEBANG FESTIVAL INC.,,0
Goods In Transit - BFI,Goods In Transit,BEBANG FESTIVAL INC.,BEBANG FESTIVAL INC.,Transit,0
Stores - BFI,Stores,BEBANG FESTIVAL INC.,BEBANG FESTIVAL INC.,,0
Work In Progress - BFI,Work In Progress,BEBANG FESTIVAL INC.,BEBANG FESTIVAL INC.,,0
Finished Goods - BFC,Finished Goods,BEBANG FRANCHISE CORP.,BEBANG FRANCHISE CORP.,,0
Goods In Transit - BFC,Goods In Transit,BEBANG FRANCHISE CORP.,BEBANG FRANCHISE CORP.,Transit,0
Stores - BFC,Stores,BEBANG FRANCHISE CORP.,BEBANG FRANCHISE CORP.,,0
Work In Progress - BFC,Work In Progress,BEBANG FRANCHISE CORP.,BEBANG FRANCHISE CORP.,,0
Ayala Malls Fairview Terraces - BEBANG FT INC.,Ayala Malls Fairview Terraces,BEBANG FT INC.,BEBANG FT INC.,,0
Finished Goods - BFI2,Finished Goods,BEBANG FT INC.,BEBANG FT INC.,,0
Goods In Transit - BFI2,Goods In Transit,BEBANG FT INC.,BEBANG FT INC.,Transit,0
Stores - BFI2,Stores,BEBANG FT INC.,BEBANG FT INC.,,0
Work In Progress - BFI2,Work In Progress,BEBANG FT INC.,BEBANG FT INC.,,0
Finished Goods - BGCI,Finished Goods,BEBANG GRAND CENTRAL INC.,BEBANG GRAND CENTRAL INC.,,0
Goods In Transit - BGCI,Goods In Transit,BEBANG GRAND CENTRAL INC.,BEBANG GRAND CENTRAL INC.,Transit,0
SM Grand Central - BEBANG GRAND CENTRAL INC.,SM Grand Central,BEBANG GRAND CENTRAL INC.,BEBANG GRAND CENTRAL INC.,,0
Stores - BGCI,Stores,BEBANG GRAND CENTRAL INC.,BEBANG GRAND CENTRAL INC.,,0
Work In Progress - BGCI,Work In Progress,BEBANG GRAND CENTRAL INC.,BEBANG GRAND CENTRAL INC.,,0
3MD Logistics - Camangyanan - BKI,3MD Logistics - Camangyanan,Bebang Kitchen Inc.,Bebang Kitchen Inc.,,0
3MD Logistics – Camangyanan - BKI,3MD Logistics – Camangyanan,Bebang Kitchen Inc.,Bebang Kitchen Inc.,,0
Jentec Storage Inc. - BKI,Jentec Storage Inc.,Bebang Kitchen Inc.,Bebang Kitchen Inc.,,0
Pinnacle Cold Storage Solutions - BKI,Pinnacle Cold Storage Solutions,Bebang Kitchen Inc.,Bebang Kitchen Inc.,,0
Royal Cold Storage - Taytay (RCS) - BKI,Royal Cold Storage - Taytay (RCS),Bebang Kitchen Inc.,Bebang Kitchen Inc.,,0
Royal Cold Storage – Taytay (RCS) - BKI,Royal Cold Storage – Taytay (RCS),Bebang Kitchen Inc.,Bebang Kitchen Inc.,,0
Shaw BLVD - BKI,Shaw BLVD,Bebang Kitchen Inc.,Bebang Kitchen Inc.,,0
Finished Goods - BLI,Finished Goods,BEBANG LCT INC.,BEBANG LCT INC.,,0
Goods In Transit - BLI,Goods In Transit,BEBANG LCT INC.,BEBANG LCT INC.,Transit,0
Lucky Chinatown - BEBANG LCT INC.,Lucky Chinatown,BEBANG LCT INC.,BEBANG LCT INC.,,0
Stores - BLI,Stores,BEBANG LCT INC.,BEBANG LCT INC.,,0
Work In Progress - BLI,Work In Progress,BEBANG LCT INC.,BEBANG LCT INC.,,0
Finished Goods - BMI,Finished Goods,BEBANG MARILAO INC.,BEBANG MARILAO INC.,,0
Goods In Transit - BMI,Goods In Transit,BEBANG MARILAO INC.,BEBANG MARILAO INC.,Transit,0
SM Marilao - BEBANG MARILAO INC.,SM Marilao,BEBANG MARILAO INC.,BEBANG MARILAO INC.,,0
Stores - BMI,Stores,BEBANG MARILAO INC.,BEBANG MARILAO INC.,,0
Work In Progress - BMI,Work In Progress,BEBANG MARILAO INC.,BEBANG MARILAO INC.,,0
Ayala Market Market - BEBANG MARKET MARKET INC.,Ayala Market Market,BEBANG MARKET MARKET INC.,BEBANG MARKET MARKET INC.,,0
Finished Goods - BMMI,Finished Goods,BEBANG MARKET MARKET INC.,BEBANG MARKET MARKET INC.,,0
Goods In Transit - BMMI,Goods In Transit,BEBANG MARKET MARKET INC.,BEBANG MARKET MARKET INC.,Transit,0
Stores - BMMI,Stores,BEBANG MARKET MARKET INC.,BEBANG MARKET MARKET INC.,,0
Work In Progress - BMMI,Work In Progress,BEBANG MARKET MARKET INC.,BEBANG MARKET MARKET INC.,,0
Ayala Evo - BEBANG MEGA INC.,Ayala Evo,BEBANG MEGA INC.,BEBANG MEGA INC.,,0
Ayala Vermosa - BEBANG MEGA INC.,Ayala Vermosa,BEBANG MEGA INC.,BEBANG MEGA INC.,,0
Finished Goods - BMI2,Finished Goods,BEBANG MEGA INC.,BEBANG MEGA INC.,,0
Goods In Transit - BMI2,Goods In Transit,BEBANG MEGA INC.,BEBANG MEGA INC.,Transit,0
SM Tanza - BEBANG MEGA INC.,SM Tanza,BEBANG MEGA INC.,BEBANG MEGA INC.,,0
Stores - BMI2,Stores,BEBANG MEGA INC.,BEBANG MEGA INC.,,0
Work In Progress - BMI2,Work In Progress,BEBANG MEGA INC.,BEBANG MEGA INC.,,0
Finished Goods - BNEI,Finished Goods,BEBANG NORTH EDSA INC.,BEBANG NORTH EDSA INC.,,0
Goods In Transit - BNEI,Goods In Transit,BEBANG NORTH EDSA INC.,BEBANG NORTH EDSA INC.,Transit,0
SM North EDSA - BEBANG NORTH EDSA INC.,SM North EDSA,BEBANG NORTH EDSA INC.,BEBANG NORTH EDSA INC.,,0
Stores - BNEI,Stores,BEBANG NORTH EDSA INC.,BEBANG NORTH EDSA INC.,,0
Work In Progress - BNEI,Work In Progress,BEBANG NORTH EDSA INC.,BEBANG NORTH EDSA INC.,,0
Finished Goods - BPI,Finished Goods,BEBANG PASEO INC.,BEBANG PASEO INC.,,0
Goods In Transit - BPI,Goods In Transit,BEBANG PASEO INC.,BEBANG PASEO INC.,Transit,0
Paseo Center - BEBANG PASEO INC.,BEBANG PASEO INC. - Paseo Center - BPI,BEBANG PASEO INC.,BEBANG PASEO INC.,,0
Stores - BPI,Stores,BEBANG PASEO INC.,BEBANG PASEO INC.,,0
Work In Progress - BPI,Work In Progress,BEBANG PASEO INC.,BEBANG PASEO INC.,,0
Finished Goods - BPI2,Finished Goods,BEBANG PITX INC.,BEBANG PITX INC.,,0
Goods In Transit - BPI2,Goods In Transit,BEBANG PITX INC.,BEBANG PITX INC.,Transit,0
Megawide PITX - BEBANG PITX INC.,Megawide PITX,BEBANG PITX INC.,BEBANG PITX INC.,,0
Stores - BPI2,Stores,BEBANG PITX INC.,BEBANG PITX INC.,,0
Work In Progress - BPI2,Work In Progress,BEBANG PITX INC.,BEBANG PITX INC.,,0
Finished Goods - BSBI,Finished Goods,BEBANG SM BICUTAN INC.,BEBANG SM BICUTAN INC.,,0
Goods In Transit - BSBI,Goods In Transit,BEBANG SM BICUTAN INC.,BEBANG SM BICUTAN INC.,Transit,0
SM Bicutan - BEBANG SM BICUTAN INC.,SM Bicutan,BEBANG SM BICUTAN INC.,BEBANG SM BICUTAN INC.,,0
Stores - BSBI,Stores,BEBANG SM BICUTAN INC.,BEBANG SM BICUTAN INC.,,0
Work In Progress - BSBI,Work In Progress,BEBANG SM BICUTAN INC.,BEBANG SM BICUTAN INC.,,0
Finished Goods - BSMI,Finished Goods,BEBANG SM MARIKINA INC.,BEBANG SM MARIKINA INC.,,0
Goods In Transit - BSMI,Goods In Transit,BEBANG SM MARIKINA INC.,BEBANG SM MARIKINA INC.,Transit,0
SM Marikina - BEBANG SM MARIKINA INC.,SM Marikina,BEBANG SM MARIKINA INC.,BEBANG SM MARIKINA INC.,,0
Stores - BSMI,Stores,BEBANG SM MARIKINA INC.,BEBANG SM MARIKINA INC.,,0
Work In Progress - BSMI,Work In Progress,BEBANG SM MARIKINA INC.,BEBANG SM MARIKINA INC.,,0
Finished Goods - BSI,Finished Goods,BEBANG SMEO INC.,BEBANG SMEO INC.,,0
Goods In Transit - BSI,Goods In Transit,BEBANG SMEO INC.,BEBANG SMEO INC.,Transit,0
SM East Ortigas - BEBANG SMEO INC.,SM East Ortigas,BEBANG SMEO INC.,BEBANG SMEO INC.,,0
Stores - BSI,Stores,BEBANG SMEO INC.,BEBANG SMEO INC.,,0
Work In Progress - BSI,Work In Progress,BEBANG SMEO INC.,BEBANG SMEO INC.,,0
Finished Goods - BSI2,Finished Goods,BEBANG SMM INC.,BEBANG SMM INC.,,0
Goods In Transit - BSI2,Goods In Transit,BEBANG SMM INC.,BEBANG SMM INC.,Transit,0
SM Pulilan - BEBANG SMM INC.,SM Pulilan,BEBANG SMM INC.,BEBANG SMM INC.,,0
Stores - BSI2,Stores,BEBANG SMM INC.,BEBANG SMM INC.,,0
Work In Progress - BSI2,Work In Progress,BEBANG SMM INC.,BEBANG SMM INC.,,0
Finished Goods - BSI3,Finished Goods,BEBANG SMOA INC.,BEBANG SMOA INC.,,0
Goods In Transit - BSI3,Goods In Transit,BEBANG SMOA INC.,BEBANG SMOA INC.,Transit,0
SM Mall Of Asia - BEBANG SMOA INC.,SM Mall Of Asia,BEBANG SMOA INC.,BEBANG SMOA INC.,,0
Stores - BSI3,Stores,BEBANG SMOA INC.,BEBANG SMOA INC.,,0
Work In Progress - BSI3,Work In Progress,BEBANG SMOA INC.,BEBANG SMOA INC.,,0
Finished Goods - BSI4,Finished Goods,BEBANG SMV INC.,BEBANG SMV INC.,,0
Goods In Transit - BSI4,Goods In Transit,BEBANG SMV INC.,BEBANG SMV INC.,Transit,0
SM Valenzuela - BEBANG SMV INC.,SM Valenzuela,BEBANG SMV INC.,BEBANG SMV INC.,,0
Stores - BSI4,Stores,BEBANG SMV INC.,BEBANG SMV INC.,,0
Work In Progress - BSI4,Work In Progress,BEBANG SMV INC.,BEBANG SMV INC.,,0
Finished Goods - BSAI,Finished Goods,BEBANG STARMALL ALABANG INC.,BEBANG STARMALL ALABANG INC.,,0
Goods In Transit - BSAI,Goods In Transit,BEBANG STARMALL ALABANG INC.,BEBANG STARMALL ALABANG INC.,Transit,0
Stores - BSAI,Stores,BEBANG STARMALL ALABANG INC.,BEBANG STARMALL ALABANG INC.,,0
The Terminal - BEBANG STARMALL ALABANG INC.,The Terminal,BEBANG STARMALL ALABANG INC.,BEBANG STARMALL ALABANG INC.,,0
Work In Progress - BSAI,Work In Progress,BEBANG STARMALL ALABANG INC.,BEBANG STARMALL ALABANG INC.,,0
Ayala UPTC - BEBANG UP TOWN CENTER INC.,Ayala UPTC,BEBANG UP TOWN CENTER INC.,BEBANG UP TOWN CENTER INC.,,0
Finished Goods - BUTC,Finished Goods,BEBANG UP TOWN CENTER INC.,BEBANG UP TOWN CENTER INC.,,0
Goods In Transit - BUTC,Goods In Transit,BEBANG UP TOWN CENTER INC.,BEBANG UP TOWN CENTER INC.,Transit,0
Stores - BUTC,Stores,BEBANG UP TOWN CENTER INC.,BEBANG UP TOWN CENTER INC.,,0
Work In Progress - BUTC,Work In Progress,BEBANG UP TOWN CENTER INC.,BEBANG UP TOWN CENTER INC.,,0
Finished Goods - BVGC,Finished Goods,BEBANG VENICE GRAND CANAL INC.,BEBANG VENICE GRAND CANAL INC.,,0
Goods In Transit - BVGC,Goods In Transit,BEBANG VENICE GRAND CANAL INC.,BEBANG VENICE GRAND CANAL INC.,Transit,0
Megaworld Venice Grand Canal - BEBANG VENICE GRAND CANAL INC.,Megaworld Venice Grand Canal,BEBANG VENICE GRAND CANAL INC.,BEBANG VENICE GRAND CANAL INC.,,0
Stores - BVGC,Stores,BEBANG VENICE GRAND CANAL INC.,BEBANG VENICE GRAND CANAL INC.,,0
Work In Progress - BVGC,Work In Progress,BEBANG VENICE GRAND CANAL INC.,BEBANG VENICE GRAND CANAL INC.,,0
Finished Goods - BFOPC,Finished Goods,BEIFRANCHISE FOOD OPC,BEIFRANCHISE FOOD OPC,,0
Goods In Transit - BFOPC,Goods In Transit,BEIFRANCHISE FOOD OPC,BEIFRANCHISE FOOD OPC,Transit,0
Greenhills Ortigas - BEIFRANCHISE FOOD OPC,Greenhills Ortigas,BEIFRANCHISE FOOD OPC,BEIFRANCHISE FOOD OPC,,0
Stores - BFOPC,Stores,BEIFRANCHISE FOOD OPC,BEIFRANCHISE FOOD OPC,,0
Work In Progress - BFOPC,Work In Progress,BEIFRANCHISE FOOD OPC,BEIFRANCHISE FOOD OPC,,0
Finished Goods - BST,Finished Goods,DAY ONES FOOD AND DRINK ESTABLISHMENTS CORP.,DAY ONES FOOD AND DRINK ESTABLISHMENTS CORP.,,0
Goods In Transit - BST,Goods In Transit,DAY ONES FOOD AND DRINK ESTABLISHMENTS CORP.,DAY ONES FOOD AND DRINK ESTABLISHMENTS CORP.,Transit,0
SM Taytay - Day Ones Food and Drink Establishments Corp.,SM Taytay,DAY ONES FOOD AND DRINK ESTABLISHMENTS CORP.,DAY ONES FOOD AND DRINK ESTABLISHMENTS CORP.,,0
Stores - BST,Stores,DAY ONES FOOD AND DRINK ESTABLISHMENTS CORP.,DAY ONES FOOD AND DRINK ESTABLISHMENTS CORP.,,0
Work In Progress - BST,Work In Progress,DAY ONES FOOD AND DRINK ESTABLISHMENTS CORP.,DAY ONES FOOD AND DRINK ESTABLISHMENTS CORP.,,0
Ever Commonwealth - DLS Dessert Craft Inc.,Ever Commonwealth,DLS Dessert Craft Inc.,DLS Dessert Craft Inc.,,0
Finished Goods - BEGC,Finished Goods,DLS Dessert Craft Inc.,DLS Dessert Craft Inc.,,0
Goods In Transit - BEGC,Goods In Transit,DLS Dessert Craft Inc.,DLS Dessert Craft Inc.,Transit,0
Stores - BEGC,Stores,DLS Dessert Craft Inc.,DLS Dessert Craft Inc.,,0
Work In Progress - BEGC,Work In Progress,DLS Dessert Craft Inc.,DLS Dessert Craft Inc.,,0
Finished Goods - DHI,Finished Goods,DMD HOLDINGS INC.,DMD HOLDINGS INC.,,0
Goods In Transit - DHI,Goods In Transit,DMD HOLDINGS INC.,DMD HOLDINGS INC.,Transit,0
Stores - DHI,Stores,DMD HOLDINGS INC.,DMD HOLDINGS INC.,,0
Up Town Mall BGC - DMD HOLDINGS INC.,Up Town Mall BGC,DMD HOLDINGS INC.,DMD HOLDINGS INC.,,0
Work In Progress - DHI,Work In Progress,DMD HOLDINGS INC.,DMD HOLDINGS INC.,,0
D'verde Laguna - TAJ Food Corp.,D'verde Laguna,DVerde Calamba - TAJ Food Corp.,DVerde Calamba - TAJ Food Corp.,,0
Finished Goods - TFC-DVC,Finished Goods,DVerde Calamba - TAJ Food Corp.,DVerde Calamba - TAJ Food Corp.,,0
Goods In Transit - TFC-DVC,Goods In Transit,DVerde Calamba - TAJ Food Corp.,DVerde Calamba - TAJ Food Corp.,Transit,0
Stores - TFC-DVC,Stores,DVerde Calamba - TAJ Food Corp.,DVerde Calamba - TAJ Food Corp.,,0
Work In Progress - TFC-DVC,Work In Progress,DVerde Calamba - TAJ Food Corp.,DVerde Calamba - TAJ Food Corp.,,0
Finished Goods - FDI,Finished Goods,FREEZE DELIGHT INC.,FREEZE DELIGHT INC.,,0
FREEZE DELIGHT INC. - FDI,FREEZE DELIGHT INC.,FREEZE DELIGHT INC.,FREEZE DELIGHT INC.,,0
Goods In Transit - FDI,Goods In Transit,FREEZE DELIGHT INC.,FREEZE DELIGHT INC.,Transit,0
Stores - FDI,Stores,FREEZE DELIGHT INC.,FREEZE DELIGHT INC.,,0
Work In Progress - FDI,Work In Progress,FREEZE DELIGHT INC.,FREEZE DELIGHT INC.,,0
Araneta Gateway - Tungsten Capital,Araneta Gateway,Gateway Mall - Tungsten Capital,Gateway Mall - Tungsten Capital,,0
Finished Goods - TCH-GW,Finished Goods,Gateway Mall - Tungsten Capital,Gateway Mall - Tungsten Capital,,0
Goods In Transit - TCH-GW,Goods In Transit,Gateway Mall - Tungsten Capital,Gateway Mall - Tungsten Capital,Transit,0
Stores - TCH-GW,Stores,Gateway Mall - Tungsten Capital,Gateway Mall - Tungsten Capital,,0
Work In Progress - TCH-GW,Work In Progress,Gateway Mall - Tungsten Capital,Gateway Mall - Tungsten Capital,,0
Finished Goods - HTFC,Finished Goods,HALO-HALO TERMINAL FOOD CORP.,HALO-HALO TERMINAL FOOD CORP.,,0
Goods In Transit - HTFC,Goods In Transit,HALO-HALO TERMINAL FOOD CORP.,HALO-HALO TERMINAL FOOD CORP.,Transit,0
NAIA T3 - HALO-HALO TERMINAL FOOD CORP.,NAIA T3,HALO-HALO TERMINAL FOOD CORP.,HALO-HALO TERMINAL FOOD CORP.,,0
Stores - HTFC,Stores,HALO-HALO TERMINAL FOOD CORP.,HALO-HALO TERMINAL FOOD CORP.,,0
Work In Progress - HTFC,Work In Progress,HALO-HALO TERMINAL FOOD CORP.,HALO-HALO TERMINAL FOOD CORP.,,0
Ayala Solenad - HFFM SOLENAD FOOD SERVICES INC.,Ayala Solenad,HFFM SOLENAD FOOD SERVICES INC.,HFFM SOLENAD FOOD SERVICES INC.,,0
Finished Goods - BAS,Finished Goods,HFFM SOLENAD FOOD SERVICES INC.,HFFM SOLENAD FOOD SERVICES INC.,,0
Goods In Transit - BAS,Goods In Transit,HFFM SOLENAD FOOD SERVICES INC.,HFFM SOLENAD FOOD SERVICES INC.,Transit,0
Stores - BAS,Stores,HFFM SOLENAD FOOD SERVICES INC.,HFFM SOLENAD FOOD SERVICES INC.,,0
Work In Progress - BAS,Work In Progress,HFFM SOLENAD FOOD SERVICES INC.,HFFM SOLENAD FOOD SERVICES INC.,,0
Megaworld Paseo Center - JV,Megaworld Paseo Center,JV,JV,,0
Robinson General Trias - JV,Robinson General Trias,JV,JV,,0
Robinson Imus - JV,Robinson Imus,JV,JV,,0
Robinsons Antipolo - JV,Robinsons Antipolo,JV,JV,,0
SM  Manila - JV,SM  Manila,JV,JV,,0
SM Megamall - JV,SM Megamall,JV,JV,,0
SM Southmall - JV,SM Southmall,JV,JV,,0
Sta. Lucia East Grand Mall - JV,Sta. Lucia East Grand Mall,JV,JV,,0
Finished Goods - L77,Finished Goods,LEGACY77 FOOD CORP.,LEGACY77 FOOD CORP.,,1
Goods In Transit - L77,Goods In Transit,LEGACY77 FOOD CORP.,LEGACY77 FOOD CORP.,Transit,1
Stores - L77,Stores,LEGACY77 FOOD CORP.,LEGACY77 FOOD CORP.,,1
Work In Progress - L77,Work In Progress,LEGACY77 FOOD CORP.,LEGACY77 FOOD CORP.,,1
Finished Goods - PFC,Finished Goods,PERPETUAL FOOD CORP.,PERPETUAL FOOD CORP.,,0
Goods In Transit - PFC,Goods In Transit,PERPETUAL FOOD CORP.,PERPETUAL FOOD CORP.,Transit,0
PERPETUAL FOOD CORP. - PFC,PERPETUAL FOOD CORP.,PERPETUAL FOOD CORP.,PERPETUAL FOOD CORP.,,0
Stores - PFC,Stores,PERPETUAL FOOD CORP.,PERPETUAL FOOD CORP.,,0
Work In Progress - PFC,Work In Progress,PERPETUAL FOOD CORP.,PERPETUAL FOOD CORP.,,0
Finished Goods - BSC2,Finished Goods,RED TALDAWA FOODS OPC,RED TALDAWA FOODS OPC,,0
Goods In Transit - BSC2,Goods In Transit,RED TALDAWA FOODS OPC,RED TALDAWA FOODS OPC,Transit,0
SM Clark - Red Taldawa Foods OPC,SM Clark,RED TALDAWA FOODS OPC,RED TALDAWA FOODS OPC,,0
Stores - BSC2,Stores,RED TALDAWA FOODS OPC,RED TALDAWA FOODS OPC,,0
Work In Progress - BSC2,Work In Progress,RED TALDAWA FOODS OPC,RED TALDAWA FOODS OPC,,0
Bebang Enterprise Inc. - Robinsons Antipolo - BEI-RPA,Bebang Enterprise Inc. - Robinsons Antipolo,Robinsons Antipolo - Bebang Enterprise Inc.,Robinsons Antipolo - Bebang Enterprise Inc.,,0
Finished Goods - TCH-RGS,Finished Goods,Robinsons Galleria South - Tungsten Capital,Robinsons Galleria South - Tungsten Capital,,0
Goods In Transit - TCH-RGS,Goods In Transit,Robinsons Galleria South - Tungsten Capital,Robinsons Galleria South - Tungsten Capital,Transit,0
Robisons Galleria South - Tungsten Capital,Robisons Galleria South,Robinsons Galleria South - Tungsten Capital,Robinsons Galleria South - Tungsten Capital,,0
Stores - TCH-RGS,Stores,Robinsons Galleria South - Tungsten Capital,Robinsons Galleria South - Tungsten Capital,,0
Work In Progress - TCH-RGS,Work In Progress,Robinsons Galleria South - Tungsten Capital,Robinsons Galleria South - Tungsten Capital,,0
Bebang Mega Inc. - Robinsons Gen Trias - BMI-RGT,Bebang Mega Inc. - Robinsons Gen Trias,Robinsons Gen Trias - Bebang Mega Inc.,Robinsons Gen Trias - Bebang Mega Inc.,,0
Finished Goods - BMI-RGT,Finished Goods,Robinsons Gen Trias - Bebang Mega Inc.,Robinsons Gen Trias - Bebang Mega Inc.,,0
Goods In Transit - BMI-RGT,Goods In Transit,Robinsons Gen Trias - Bebang Mega Inc.,Robinsons Gen Trias - Bebang Mega Inc.,Transit,0
Stores - BMI-RGT,Stores,Robinsons Gen Trias - Bebang Mega Inc.,Robinsons Gen Trias - Bebang Mega Inc.,,0
Work In Progress - BMI-RGT,Work In Progress,Robinsons Gen Trias - Bebang Mega Inc.,Robinsons Gen Trias - Bebang Mega Inc.,,0
Bebang Mega Inc. - Robinsons Imus - BMI-RI,Bebang Mega Inc. - Robinsons Imus,Robinsons Imus - Bebang Mega Inc.,Robinsons Imus - Bebang Mega Inc.,,0
Finished Goods - BMI-RI,Finished Goods,Robinsons Imus - Bebang Mega Inc.,Robinsons Imus - Bebang Mega Inc.,,0
Goods In Transit - BMI-RI,Goods In Transit,Robinsons Imus - Bebang Mega Inc.,Robinsons Imus - Bebang Mega Inc.,Transit,0
Stores - BMI-RI,Stores,Robinsons Imus - Bebang Mega Inc.,Robinsons Imus - Bebang Mega Inc.,,0
Work In Progress - BMI-RI,Work In Progress,Robinsons Imus - Bebang Mega Inc.,Robinsons Imus - Bebang Mega Inc.,,0
Finished Goods - TFC-SMC,Finished Goods,SM Caloocan - TAJ Food Corp.,SM Caloocan - TAJ Food Corp.,,0
Goods In Transit - TFC-SMC,Goods In Transit,SM Caloocan - TAJ Food Corp.,SM Caloocan - TAJ Food Corp.,Transit,0
SM Caloocan - TAJ Food Corp.,SM Caloocan,SM Caloocan - TAJ Food Corp.,SM Caloocan - TAJ Food Corp.,,0
Stores - TFC-SMC,Stores,SM Caloocan - TAJ Food Corp.,SM Caloocan - TAJ Food Corp.,,0
Work In Progress - TFC-SMC,Work In Progress,SM Caloocan - TAJ Food Corp.,SM Caloocan - TAJ Food Corp.,,0
Bebang Enterprise Inc. - SM Manila - BEI-SMM,Bebang Enterprise Inc. - SM Manila,SM Manila - Bebang Enterprise Inc.,SM Manila - Bebang Enterprise Inc.,,0
Bebang Enterprise Inc. - SM Megamall - BEI-SMG,Bebang Enterprise Inc. - SM Megamall,SM Megamall - Bebang Enterprise Inc.,SM Megamall - Bebang Enterprise Inc.,,0
Finished Goods - BSS2,Finished Goods,SM San Jose Del Monte - JL TRADE OPC,SM San Jose Del Monte - JL TRADE OPC,,0
Goods In Transit - BSS2,Goods In Transit,SM San Jose Del Monte - JL TRADE OPC,SM San Jose Del Monte - JL TRADE OPC,Transit,0
SJDM - JL TRADE OPC,SJDM,SM San Jose Del Monte - JL TRADE OPC,SM San Jose Del Monte - JL TRADE OPC,,0
Stores - BSS2,Stores,SM San Jose Del Monte - JL TRADE OPC,SM San Jose Del Monte - JL TRADE OPC,,0
Work In Progress - BSS2,Work In Progress,SM San Jose Del Monte - JL TRADE OPC,SM San Jose Del Monte - JL TRADE OPC,,0
Finished Goods - TCH-SMS,Finished Goods,SM Sangandaan - Tungsten Capital,SM Sangandaan - Tungsten Capital,,0
Goods In Transit - TCH-SMS,Goods In Transit,SM Sangandaan - Tungsten Capital,SM Sangandaan - Tungsten Capital,Transit,0
SM Sangandaan - Tungsten Capital,SM Sangandaan,SM Sangandaan - Tungsten Capital,SM Sangandaan - Tungsten Capital,,0
Stores - TCH-SMS,Stores,SM Sangandaan - Tungsten Capital,SM Sangandaan - Tungsten Capital,,0
Work In Progress - TCH-SMS,Work In Progress,SM Sangandaan - Tungsten Capital,SM Sangandaan - Tungsten Capital,,0
Bebang Enterprise Inc. - SM Southmall - BEI-SMS,Bebang Enterprise Inc. - SM Southmall,SM Southmall - Bebang Enterprise Inc.,SM Southmall - Bebang Enterprise Inc.,,0
Bebang Mega Inc. - SM Tanza - BMI-SMT,Bebang Mega Inc. - SM Tanza,SM Tanza - Bebang Mega Inc.,SM Tanza - Bebang Mega Inc.,,0
Finished Goods - BMI-SMT,Finished Goods,SM Tanza - Bebang Mega Inc.,SM Tanza - Bebang Mega Inc.,,0
Goods In Transit - BMI-SMT,Goods In Transit,SM Tanza - Bebang Mega Inc.,SM Tanza - Bebang Mega Inc.,Transit,0
Stores - BMI-SMT,Stores,SM Tanza - Bebang Mega Inc.,SM Tanza - Bebang Mega Inc.,,0
Work In Progress - BMI-SMT,Work In Progress,SM Tanza - Bebang Mega Inc.,SM Tanza - Bebang Mega Inc.,,0
Bebang SM Marikina Inc. - Sta Lucia - BSMM-SL,Bebang SM Marikina Inc. - Sta Lucia,Sta Lucia - Bebang SM Marikina Inc.,Sta Lucia - Bebang SM Marikina Inc.,,0
Finished Goods - BSMM-SL,Finished Goods,Sta Lucia - Bebang SM Marikina Inc.,Sta Lucia - Bebang SM Marikina Inc.,,0
Goods In Transit - BSMM-SL,Goods In Transit,Sta Lucia - Bebang SM Marikina Inc.,Sta Lucia - Bebang SM Marikina Inc.,Transit,0
Stores - BSMM-SL,Stores,Sta Lucia - Bebang SM Marikina Inc.,Sta Lucia - Bebang SM Marikina Inc.,,0
Work In Progress - BSMM-SL,Work In Progress,Sta Lucia - Bebang SM Marikina Inc.,Sta Lucia - Bebang SM Marikina Inc.,,0
Finished Goods - SHFC,Finished Goods,SWEET HARMONY FOOD CORP.,SWEET HARMONY FOOD CORP.,,0
Goods In Transit - SHFC,Goods In Transit,SWEET HARMONY FOOD CORP.,SWEET HARMONY FOOD CORP.,Transit,0
SM Sta. Rosa - SWEET HARMONY FOOD CORP.,SM Sta. Rosa,SWEET HARMONY FOOD CORP.,SWEET HARMONY FOOD CORP.,,0
Stores - SHFC,Stores,SWEET HARMONY FOOD CORP.,SWEET HARMONY FOOD CORP.,,0
Work In Progress - SHFC,Work In Progress,SWEET HARMONY FOOD CORP.,SWEET HARMONY FOOD CORP.,,0
Finished Goods - BDV,Finished Goods,TAJ FOOD CORP.,TAJ FOOD CORP.,,0
Goods In Transit - BDV,Goods In Transit,TAJ FOOD CORP.,TAJ FOOD CORP.,Transit,0
Stores - BDV,Stores,TAJ FOOD CORP.,TAJ FOOD CORP.,,0
TAJ FOOD CORP. - BDV,TAJ FOOD CORP.,TAJ FOOD CORP.,TAJ FOOD CORP.,,0
Work In Progress - BDV,Work In Progress,TAJ FOOD CORP.,TAJ FOOD CORP.,,0
Finished Goods - BTGF,Finished Goods,TASTECARTEL CORP.,TASTECARTEL CORP.,,0
Goods In Transit - BTGF,Goods In Transit,TASTECARTEL CORP.,TASTECARTEL CORP.,Transit,0
Stores - BTGF,Stores,TASTECARTEL CORP.,TASTECARTEL CORP.,,0
The Grid - Rockwell - TASTECARTEL CORP.,The Grid - Rockwell,TASTECARTEL CORP.,TASTECARTEL CORP.,,0
Work In Progress - BTGF,Work In Progress,TASTECARTEL CORP.,TASTECARTEL CORP.,,0
Finished Goods - BV,Finished Goods,TRICERN FOOD CORP.,TRICERN FOOD CORP.,,0
Goods In Transit - BV,Goods In Transit,TRICERN FOOD CORP.,TRICERN FOOD CORP.,Transit,0
Stores - BV,Stores,TRICERN FOOD CORP.,TRICERN FOOD CORP.,,0
Vista Mall Taguig - Tricern Food Corp.,Vista Mall Taguig,TRICERN FOOD CORP.,TRICERN FOOD CORP.,,0
Work In Progress - BV,Work In Progress,TRICERN FOOD CORP.,TRICERN FOOD CORP.,,0
Finished Goods - BAG,Finished Goods,TUNGSTEN CAPITAL HOLDINGS OPC,TUNGSTEN CAPITAL HOLDINGS OPC,,0
Goods In Transit - BAG,Goods In Transit,TUNGSTEN CAPITAL HOLDINGS OPC,TUNGSTEN CAPITAL HOLDINGS OPC,Transit,0
Stores - BAG,Stores,TUNGSTEN CAPITAL HOLDINGS OPC,TUNGSTEN CAPITAL HOLDINGS OPC,,0
TUNGSTEN CAPITAL HOLDINGS OPC - BAG,TUNGSTEN CAPITAL HOLDINGS OPC,TUNGSTEN CAPITAL HOLDINGS OPC,TUNGSTEN CAPITAL HOLDINGS OPC,,0
Work In Progress - BAG,Work In Progress,TUNGSTEN CAPITAL HOLDINGS OPC,TUNGSTEN CAPITAL HOLDINGS OPC,,0
